held_out_device,model,n_windows,mae_hours,rmse_hours,r2
device_2,training_median,68,0.2976693402824839,0.3421875363594794,-0.008589406356622087
device_2,random_forest,68,0.17893339537683037,0.22904685676081202,0.5481079501829964
device_3,training_median,59,0.25539046611489546,0.29992720621705343,-0.11757969353070186
device_3,random_forest,59,0.2826770484402384,0.33327529879199885,-0.37991720861094946
device_4,training_median,99,0.5742251122145005,0.7153747799223844,-0.6131273460355149
device_4,random_forest,99,0.5611258353442085,0.6425645326125125,-0.30147222287487163
device_5,training_median,40,0.3032149236301581,0.3578027033324179,-2.4621942258488656
device_5,random_forest,40,0.5021331287651553,0.5302466234427377,-6.603613201542046
ALL_HELD_OUT,training_median,266,0.3920542695279309,0.5095145779753335,-0.1868018273964418
ALL_HELD_OUT,random_forest,266,0.39279022403489233,0.4837323891377537,-0.06973279999430981
