device_id,timestamp_s,remaining_observed_hours,training_median_prediction_hours,random_forest_prediction_hours
device_2,3312986418.2847443,1.146505833334393,0.544011388818423,0.9359413598036554
device_2,3312986477.966744,1.1299275000890097,0.544011388818423,1.0208298479756674
device_2,3312986537.936744,1.1132691666815016,0.544011388818423,0.8111321184493727
device_2,3312986598.104744,1.096555833419164,0.544011388818423,0.7559412422643405
device_2,3312986658.208744,1.0798602778381772,0.544011388818423,1.179342031188631
device_2,3312986718.176744,1.0632025000784133,0.544011388818423,1.5139022655158987
device_2,3312986778.213744,1.0465255555841657,0.544011388818423,1.0772931826372953
device_2,3312986838.005744,1.0299166667461395,0.544011388818423,1.5471619330100441
device_2,3312986897.902744,1.0132786112361485,0.544011388818423,1.5450355442456742
device_2,3312986958.154744,0.9965419444772933,0.544011388818423,1.094121591790021
device_2,3312987017.823744,0.9799672223461999,0.544011388818423,1.0880048215700222
device_2,3312987077.920744,0.9632736112011804,0.544011388818423,1.0121903481274794
device_2,3312987138.084744,0.9465613889694214,0.544011388818423,0.877644919830332
device_2,3312987198.183744,0.9298672223091126,0.544011388818423,0.6954631080659168
device_2,3312987258.097744,0.9132244445217981,0.544011388818423,0.7089862286190861
device_2,3312987318.018744,0.8965797222985161,0.544011388818423,1.4968752196998445
device_2,3312987378.2377443,0.8798522222042083,0.544011388818423,1.381858797989352
device_2,3312987438.325744,0.8631611111429003,0.544011388818423,1.2101353764379714
device_2,3312987498.068744,0.8465658333566454,0.544011388818423,1.1956369909577511
device_2,3312987558.1267443,0.8298830555544959,0.544011388818423,0.4669285066937588
device_2,3312987618.000744,0.8132513890001509,0.544011388818423,0.5492518838841971
device_2,3312987678.142744,0.7965452778339386,0.544011388818423,0.48583966850856153
device_2,3312987738.1927443,0.7798647222254012,0.544011388818423,0.4540362459226739
device_2,3312987797.819744,0.7633016667101118,0.544011388818423,0.4355023390410213
device_2,3312987857.981744,0.7465900001260969,0.544011388818423,0.4044921139277395
device_2,3312987918.172744,0.7298702779081133,0.544011388818423,0.42973195954711085
device_2,3312987978.015744,0.7132472222381168,0.544011388818423,0.5107359274584988
device_2,3312988038.011744,0.6965816667344835,0.544011388818423,0.4505761499271895
device_2,3312988097.979244,0.6799240277873145,0.544011388818423,0.44570082183566107
device_2,3312988158.081744,0.663228888909022,0.544011388818423,0.5026638770771538
device_2,3312988218.0087442,0.6465825000074175,0.544011388818423,0.4490027822368938
device_2,3312988278.0947437,0.6298919445938534,0.544011388818423,0.49806111100845013
device_2,3312988338.1127443,0.613220277759764,0.544011388818423,0.5536702246720105
device_2,3312988398.026744,0.5965775001049042,0.544011388818423,0.5161428457173399
device_2,3312988458.038744,0.5799075000815921,0.544011388818423,0.549340313045165
device_2,3312988518.161744,0.5632066667079926,0.544011388818423,0.5273256938924323
device_2,3312988578.199744,0.5465294444561004,0.544011388818423,0.49244678662017827
device_2,3312988638.196744,0.5298636111948225,0.544011388818423,0.4998859689847526
device_2,3312988698.340744,0.513156944513321,0.544011388818423,0.4152028848020076
device_2,3312988758.275744,0.4965083334181044,0.544011388818423,0.547362251325204
device_2,3312988818.2127438,0.47985916680759855,0.544011388818423,0.4758318667609585
device_2,3312988868.794744,0.4658086111810472,0.544011388818423,0.4319615198487557
device_2,3312989071.115744,0.40960833337571884,0.544011388818423,0.39645631207629817
device_2,3312989107.504744,0.3995002778371175,0.544011388818423,0.3754262055632837
device_2,3312989179.228744,0.379576944510142,0.544011388818423,0.3704722931891603
device_2,3312989237.982744,0.3632563889026642,0.544011388818423,0.3748213188500884
device_2,3312989298.274744,0.34650861117574905,0.544011388818423,0.28946555564248105
device_2,3312989358.359744,0.3298183333873749,0.544011388818423,0.27013596474095836
device_2,3312989418.088744,0.31322694447305466,0.544011388818423,0.25717529644722087
device_2,3312989478.149744,0.29654333339797123,0.544011388818423,0.19707639117702033
device_2,3312989538.210744,0.27985972232288786,0.544011388818423,0.2509478924146401
device_2,3312989597.997244,0.26325236121813456,0.544011388818423,0.20366590546636573
device_2,3312989657.983744,0.24658944447835288,0.544011388818423,0.22973812832205467
device_2,3312989718.069744,0.22989888893233404,0.544011388818423,0.341064549915275
device_2,3312989778.2257442,0.21318888889418708,0.544011388818423,0.3750459002970102
device_2,3312989838.152744,0.1965425001250373,0.544011388818423,0.35034304128968996
device_2,3312989897.827744,0.1799661111831665,0.544011388818423,0.36270294079306253
device_2,3312989957.997744,0.16325222227308486,0.544011388818423,0.44289083083393216
device_2,3312990018.111744,0.14655388898319668,0.544011388818423,0.410998928933038
device_2,3312990077.9402437,0.12993486126263937,0.544011388818423,0.3313808729607184
device_2,3312990138.142744,0.11321194450060526,0.544011388818423,0.37680250290682127
device_2,3312990198.116744,0.09655250006251866,0.544011388818423,0.386094576366394
device_2,3312990258.046744,0.07990527788798014,0.544011388818423,0.17461132761365125
device_2,3312990318.122744,0.06321750005086263,0.544011388818423,0.16533644220245333
device_2,3312990378.032744,0.04657583342658149,0.544011388818423,0.1687103831845324
device_2,3312990438.132744,0.029881389008628,0.544011388818423,0.15169789673113082
device_2,3312990498.142744,0.013211944500605265,0.544011388818423,0.16500021063947246
device_2,3312990536.971744,0.00242611116833157,0.544011388818423,0.19740087422632416
device_3,3313004666.756342,0.9658966667122311,0.5799075000815921,0.983058145902914
device_3,3313004726.7183423,0.9492405554983351,0.5799075000815921,1.089476602545673
device_3,3313004786.664342,0.9325888889365727,0.5799075000815921,1.039496186735452
device_3,3313004846.757842,0.9158962500095368,0.5799075000815921,1.6217566760261948
device_3,3313004906.8823423,0.8991949999332428,0.5799075000815921,0.9372303822016221
device_3,3313004966.5933423,0.8826086110538907,0.5799075000815921,1.4566076183504573
device_3,3313005026.842842,0.8658726388878293,0.5799075000815921,1.5345625129851073
device_3,3313005086.9153423,0.8491858332686955,0.5799075000815921,1.1161904222375396
device_3,3313005146.385342,0.8326663888825311,0.5799075000815921,1.1769779264654836
device_3,3313005206.8963423,0.8158577777279747,0.5799075000815921,0.8892469721726616
device_3,3313005266.765342,0.799227499961853,0.5799075000815921,1.0546921624734449
device_3,3313005326.762842,0.7825615277555253,0.5799075000815921,0.9160516244776301
device_3,3313005386.277842,0.7660295833481683,0.5799075000815921,1.1366246156906579
device_3,3313005446.6453424,0.7492608332633972,0.5799075000815921,1.244016479072437
device_3,3313005506.516342,0.7326299999819862,0.5799075000815921,1.1083507154140542
device_3,3313005566.5613422,0.7159508332941267,0.5799075000815921,0.5609262352232366
device_3,3313005626.7053423,0.6992441666126251,0.5799075000815921,0.5681483346172653
device_3,3313005686.755842,0.6825634721914927,0.5799075000815921,0.5698994692134235
device_3,3313005746.710842,0.6659093055460188,0.5799075000815921,0.5733409429051187
device_3,3313005806.697842,0.6492462499936422,0.5799075000815921,0.45178208853241386
device_3,3313005866.6913424,0.6325813888178932,0.5799075000815921,0.5204038780268178
device_3,3313005926.735342,0.6159025000201331,0.5799075000815921,0.3747926487401175
device_3,3313005986.739342,0.5992347221904331,0.5799075000815921,0.5741571211125975
device_3,3313006046.7643423,0.582561111052831,0.5799075000815921,0.44964849309019106
device_3,3313006106.6443424,0.5659277776877085,0.5799075000815921,0.33801902465324524
device_3,3313006166.7703424,0.549226111041175,0.5799075000815921,0.599727421168093
device_3,3313006226.8563423,0.5325355554951562,0.5799075000815921,0.21473826665979012
device_3,3313006286.669342,0.5159208333492279,0.5799075000815921,0.21207797487795635
device_3,3313006346.6148424,0.4992693054676056,0.5799075000815921,0.19440215785781814
device_3,3313006406.653842,0.4825918055905236,0.5799075000815921,0.17841805054219473
device_3,3313006466.608342,0.46593777775764467,0.5799075000815921,0.16090525874238787
device_3,3313006526.679842,0.4492512500286102,0.5799075000815921,0.1580215634983819
device_3,3313006586.733342,0.4325697222020891,0.5799075000815921,0.11500031959703508
device_3,3313006646.914342,0.4158527778254615,0.5799075000815921,0.0973386173463784
device_3,3313006706.969342,0.399170833296246,0.5799075000815921,0.11544741666651437
device_3,3313006766.623342,0.382600277794732,0.5799075000815921,0.8039256762508422
device_3,3313006826.302842,0.36602263887723285,0.5799075000815921,0.9227079542898677
device_3,3313006880.186842,0.35105486114819845,0.5799075000815921,1.0325452604631715
device_3,3313006960.9223423,0.3286283332771725,0.5799075000815921,0.8358222246345247
device_3,3313007006.624842,0.31593319442537093,0.5799075000815921,1.020417626413882
device_3,3313007066.848342,0.29920444448788963,0.5799075000815921,0.9895597549055104
device_3,3313007126.6123424,0.28260333326127796,0.5799075000815921,0.5676526270346469
device_3,3313007186.532342,0.2659588889280955,0.5799075000815921,0.49369233262641093
device_3,3313007246.502842,0.24930041670799255,0.5799075000815921,0.6697182754111859
device_3,3313007306.549342,0.23262083331743877,0.5799075000815921,0.37733850643181194
device_3,3313007366.813342,0.21588083333439298,0.5799075000815921,0.3655059998812704
device_3,3313007426.7173424,0.19924083325597974,0.5799075000815921,0.5900625993756295
device_3,3313007486.315342,0.1826858333746592,0.5799075000815921,0.5722200316926126
device_3,3313007546.689842,0.16591513885392084,0.5799075000815921,0.4184939252498896
device_3,3313007606.594342,0.14927499996291266,0.5799075000815921,0.3839134779384066
device_3,3313007666.614342,0.13260277774598864,0.5799075000815921,0.3361484965224175
device_3,3313007726.726342,0.11590499997138977,0.5799075000815921,0.38489882540192677
device_3,3313007786.6478424,0.0992601388030582,0.5799075000815921,0.36563453164854515
device_3,3313007846.867342,0.08253250002861023,0.5799075000815921,0.28942525659665974
device_3,3313007906.819342,0.06587916665607028,0.5799075000815921,0.26432097624377543
device_3,3313007966.829342,0.04920972228050232,0.5799075000815921,0.24074394109468142
device_3,3313008026.8303423,0.03254277772373623,0.5799075000815921,0.25101817761343254
device_3,3313008086.430342,0.015987222194671632,0.5799075000815921,0.23014656680949316
device_3,3313008130.452342,0.003758888906902737,0.5799075000815921,0.0657600445886059
device_4,3313008949.6063423,1.8387277776665159,0.46593777775764467,0.9152099256187121
device_4,3313009009.352342,1.8221316666073268,0.46593777775764467,0.7430383419137363
device_4,3313009069.460342,1.8054349999957615,0.46593777775764467,0.9641952459674892
device_4,3313009129.135342,1.7888586110538907,0.46593777775764467,0.9745376473047968
device_4,3313009189.602342,1.7720622221628826,0.46593777775764467,0.774446480568432
device_4,3313009249.288342,1.7554827777544657,0.46593777775764467,0.799860000299762
device_4,3313009309.3833423,1.7387897221247355,0.46593777775764467,0.781117805069521
device_4,3313009369.227342,1.722166388829549,0.46593777775764467,0.7111019674739114
device_4,3313009429.642342,1.7053844443957011,0.46593777775764467,0.8555464667982342
device_4,3313009489.426342,1.688777777751287,0.46593777775764467,0.8642107218587484
device_4,3313009549.4223423,1.6721122221151987,0.46593777775764467,0.8881543822138505
device_4,3313009609.2833424,1.655484166542689,0.46593777775764467,0.8632185901065732
device_4,3313009669.5003424,1.6387572220961253,0.46593777775764467,0.9154032326295238
device_4,3313009729.445342,1.6221058332920075,0.46593777775764467,0.747427961981216
device_4,3313009789.2703424,1.605487777656979,0.46593777775764467,0.7092240914066315
device_4,3313009849.260342,1.5888238888316684,0.46593777775764467,0.6893957167221275
device_4,3313009909.477342,1.5720969443851047,0.46593777775764467,0.6658103215231082
device_4,3313009969.281342,1.555484722190433,0.46593777775764467,0.6584012067661226
device_4,3313010029.334342,1.5388033333089617,0.46593777775764467,0.6648282586077449
device_4,3313010089.334342,1.522136666642295,0.46593777775764467,0.7305476556646435
device_4,3313010149.265342,1.505489166577657,0.46593777775764467,0.7116035374404909
device_4,3313010209.3623424,1.4887955554326375,0.46593777775764467,0.6292332773697576
device_4,3313010269.618342,1.4720577777756585,0.46593777775764467,0.7508123393633247
device_4,3313010329.3103423,1.4554766665564642,0.46593777775764467,0.6626462345167223
device_4,3313010389.351342,1.4387986110316382,0.46593777775764467,0.5888753527046894
device_4,3313010449.391342,1.4221208332644568,0.46593777775764467,0.5326136799723229
device_4,3313010509.571342,1.405404166645474,0.46593777775764467,0.5866096204934217
device_4,3313010569.598342,1.3887299999925826,0.46593777775764467,0.5397714760431271
device_4,3313010629.433342,1.372109166648653,0.46593777775764467,0.4880779297218975
device_4,3313010689.526342,1.3554166666666667,0.46593777775764467,0.446743192296502
device_4,3313010749.413342,1.3387813888655768,0.46593777775764467,0.3788478284138581
device_4,3313010809.2053423,1.3221724998950959,0.46593777775764467,0.37036911387266686
device_4,3313010869.460842,1.3054348610507118,0.46593777775764467,0.4055756095509915
device_4,3313010929.565342,1.28873916665713,0.46593777775764467,0.40445109480417263
device_4,3313010989.4163423,1.2721138887935215,0.46593777775764467,0.39296627540923595
device_4,3313011049.453842,1.2554368054866791,0.46593777775764467,0.38962733200969835
device_4,3313011109.6073422,1.238727499908871,0.46593777775764467,0.38479695549169535
device_4,3313011169.1978426,1.2221745831436581,0.46593777775764467,0.34955543900909647
device_4,3313011229.721342,1.2053624999523163,0.46593777775764467,0.3716452544496398
device_4,3313011289.772342,1.1886816665861342,0.46593777775764467,0.31135705179060597
device_4,3313011349.472342,1.1720983333057828,0.46593777775764467,0.32892027308381805
device_4,3313011379.7583423,1.163685555458069,0.46593777775764467,0.3262205513071437
device_4,3313012218.721342,0.9306402777300941,0.46593777775764467,0.2671907970366804
device_4,3313012249.667342,0.9220441665914324,0.46593777775764467,0.2718706152156602
device_4,3313012309.160342,0.9055183332496219,0.46593777775764467,0.26212723217885087
device_4,3313012369.662342,0.8887122221787771,0.46593777775764467,0.254762720076355
device_4,3313012429.360842,0.8721293054686652,0.46593777775764467,0.267687211238395
device_4,3313012489.251342,0.8554930555820465,0.46593777775764467,0.2535074619757703
device_4,3313012549.1253424,0.8388613887627919,0.46593777775764467,0.2518987564914661
device_4,3313012609.464342,0.8221005554993948,0.46593777775764467,0.2522076620892856
device_4,3313012669.235842,0.8054973610242208,0.46593777775764467,0.2525653741721484
device_4,3313012729.4553423,0.788769722117318,0.46593777775764467,0.22051145039454653
device_4,3313012789.377342,0.7721247221363915,0.46593777775764467,0.23060432272926995
device_4,3313012849.275342,0.7554863888687557,0.46593777775764467,0.23060432272926995
device_4,3313012909.4613423,0.7387680554389954,0.46593777775764467,0.2302915952406374
device_4,3313012969.321842,0.7221401388115353,0.46593777775764467,0.23060432272926995
device_4,3313013029.2313423,0.7054986109998491,0.46593777775764467,0.17024451906015783
device_4,3313013089.512842,0.688753749926885,0.46593777775764467,0.1615513084554523
device_4,3313013149.2288423,0.6721659721268548,0.46593777775764467,0.16663646003690744
device_4,3313013209.529342,0.655415833261278,0.46593777775764467,0.15146847734161548
device_4,3313013269.239342,0.6388297221395705,0.46593777775764467,0.12591431088761051
device_4,3313013329.164342,0.62218388888571,0.46593777775764467,0.11761806992488726
device_4,3313013389.458342,0.6054355555110508,0.46593777775764467,0.15631429872069252
device_4,3313013449.373342,0.5887924999660916,0.46593777775764467,0.1368306426120026
device_4,3313013509.510342,0.5720877777205573,0.46593777775764467,0.11424407071527516
device_4,3313013569.4413424,0.5554402776559194,0.46593777775764467,0.11387711265964649
device_4,3313013629.358342,0.5387966665956709,0.46593777775764467,0.14490835477643152
device_4,3313013689.544342,0.5220783332983653,0.46593777775764467,0.14454139672080285
device_4,3313013749.483342,0.5054286110401154,0.46593777775764467,0.12585653984612344
device_4,3313013809.331342,0.4888041665818956,0.46593777775764467,0.14490835477643152
device_4,3313013869.381342,0.4721236111058129,0.46593777775764467,0.10747112830787905
device_4,3313013929.4953423,0.45542527768346996,0.46593777775764467,0.11313563470790788
device_4,3313013989.327342,0.438805277744929,0.46593777775764467,0.13488629171075803
device_4,3313014049.365342,0.4221280554930369,0.46593777775764467,0.1135025927635366
device_4,3313014109.2113423,0.40550416655010646,0.46593777775764467,0.12917692775091802
device_4,3313014169.578342,0.3887355555428399,0.46593777775764467,0.11387711265964649
device_4,3313014229.530342,0.37208222217029996,0.46593777775764467,0.07942154267945983
device_4,3313014289.634342,0.35538666658931306,0.46593777775764467,0.1477715582112416
device_4,3313014349.4943423,0.338758888774448,0.46593777775764467,0.07781960585706342
device_4,3313014409.391842,0.3221206944518619,0.46593777775764467,0.1167408867005823
device_4,3313014469.419342,0.30544638885392084,0.46593777775764467,0.11583942330783172
device_4,3313014529.372342,0.28879277772373624,0.46593777775764467,0.13565841569242815
device_4,3313014589.483842,0.27209513889418707,0.46593777775764467,0.12581607565662936
device_4,3313014649.400342,0.2554516666465335,0.46593777775764467,0.14486789058693741
device_4,3313014709.384842,0.23878930555449593,0.46593777775764467,0.12581607565662936
device_4,3313014769.411342,0.22211527771419948,0.46593777775764467,0.12502732082517068
device_4,3313014829.4743423,0.205431110991372,0.46593777775764467,0.15176712380558496
device_4,3313014889.346842,0.18879986113972133,0.46593777775764467,0.07945654383948453
device_4,3313014949.516842,0.1720859722296397,0.46593777775764467,0.07310631869407852
device_4,3313015009.4483423,0.15543833321995204,0.46593777775764467,0.06533827531281265
device_4,3313015069.426842,0.1387776388062371,0.46593777775764467,0.042155884026310035
device_4,3313015129.3733425,0.12212583316697015,0.46593777775764467,0.03632421466097841
device_4,3313015189.3298426,0.10547124981880188,0.46593777775764467,0.03417817387800422
device_4,3313015249.735842,0.08869180546866523,0.46593777775764467,0.03676104938372313
device_4,3313015310.3043423,0.07186722212367587,0.46593777775764467,0.03313229817619136
device_4,3313015369.549842,0.05541013889842563,0.46593777775764467,0.033188578916988884
device_4,3313015429.4603424,0.03876833319664001,0.46593777775764467,0.03203373565172917
device_4,3313015489.552842,0.022075972159703573,0.46593777775764467,0.032324686711003754
device_4,3313015544.3803425,0.00684611095322503,0.46593777775764467,0.029126620518307875
device_5,3312994465.489752,0.654176666604148,0.6312366667058733,1.1655682045869888
device_5,3312994524.2717514,0.6378483333852556,0.6312366667058733,1.4344751183383126
device_5,3312994584.246752,0.6211886110570696,0.6312366667058733,1.3524118056034447
device_5,3312994644.5477514,0.6044383333788977,0.6312366667058733,1.0534795136900332
device_5,3312994704.4027514,0.5878119444847107,0.6312366667058733,1.1003942138426996
device_5,3312994764.4097514,0.5711433333820767,0.6312366667058733,1.1012631906354111
device_5,3312994824.5437517,0.5544394444094763,0.6312366667058733,1.2988779293635944
device_5,3312994884.4187517,0.537807499965032,0.6312366667058733,1.1095398775690892
device_5,3312994944.6177516,0.5210855555534363,0.6312366667058733,1.2183539021162497
device_5,3312995004.5287514,0.5044436111715105,0.6312366667058733,1.1691116691243701
device_5,3312995064.5092516,0.48778236111005147,0.6312366667058733,1.1456519307029702
device_5,3312995124.6927514,0.4710647222730849,0.6312366667058733,1.0035742012575077
device_5,3312995184.3677516,0.4544883333312141,0.6312366667058733,0.9908837460784897
device_5,3312995244.7017517,0.4377288888560401,0.6312366667058733,1.0077109846673273
device_5,3312995304.6327515,0.42108138892385694,0.6312366667058733,1.035881516776326
device_5,3312995364.6687517,0.40440472218725415,0.6312366667058733,1.1002480207122138
device_5,3312995424.6417513,0.387745555639267,0.6312366667058733,0.7701966538693595
device_5,3312995484.5102515,0.37111541668574016,0.6312366667058733,0.7404124704201582
device_5,3312995544.4537516,0.3544644444518619,0.6312366667058733,0.7727052683344389
device_5,3312995604.4557514,0.33779722226990594,0.6312366667058733,0.7074615681543069
device_5,3312995664.3477516,0.3211605555481381,0.6312366667058733,0.7023641518660181
device_5,3312995724.4697514,0.3044600000646379,0.6312366667058733,0.6923141764674575
device_5,3312995784.325752,0.28783333328035143,0.6312366667058733,0.6671647357100433
device_5,3312995844.5537515,0.27110333336724174,0.6312366667058733,0.6626691874696563
device_5,3312995904.5027514,0.25445083340009056,0.6312366667058733,0.6773742313075896
device_5,3312995964.4362516,0.2378026388751136,0.6312366667058733,0.6071370183341085
device_5,3312996024.3647513,0.22115583340326944,0.6312366667058733,0.5119552374953529
device_5,3312996084.3997517,0.20447944442431132,0.6312366667058733,0.505005873421865
device_5,3312996144.5907516,0.18775972220632764,0.6312366667058733,0.4933050897686737
device_5,3312996204.4587517,0.17112972219785055,0.6312366667058733,0.4756111271139556
device_5,3312996264.3187513,0.1545019445154402,0.6312366667058733,0.4785847252239521
device_5,3312996324.4757514,0.13779166671964857,0.6312366667058733,0.46128353483506923
device_5,3312996384.360751,0.12115694456630283,0.6312366667058733,0.4520411755959787
device_5,3312996444.2827516,0.10451194445292154,0.6312366667058733,0.4421535332780091
device_5,3312996504.5067515,0.08778305557039048,0.6312366667058733,0.4390499366306718
device_5,3312996564.6117516,0.07108722223175896,0.6312366667058733,0.4336149572979295
device_5,3312996625.1122513,0.054281527863608466,0.6312366667058733,0.9215312375325376
device_5,3312996684.1957517,0.03786944442325168,0.6312366667058733,0.8625968961996245
device_5,3312996744.4197516,0.021140555540720623,0.6312366667058733,0.772505673945525
device_5,3312996797.2807517,0.006456944412655301,0.6312366667058733,0.7288339214528199
