timestamp_s,supply_voltage,node1_voltage,node2_voltage,collector_emitter_current,package_temperature,device_id,elapsed_time_hours,remaining_observed_hours
3312986418.2847443,2.4574969398305124,2.454217719006902,2.008930432774012,0.08958243099014178,74.33389987284878,device_2,0.008385555611716377,1.146505833334393
3312986477.966744,2.460287427441844,2.458362566542699,2.1016073909934105,0.08958243099014178,98.39937264300295,device_2,0.024963888857099745,1.1299275000890097
3312986537.936744,2.461682671247738,2.4625074140798726,2.448800179909291,0.08958243099014178,99.64595323868008,device_2,0.041622222264607746,1.1132691666815016
3312986598.104744,2.9555989890374654,2.9529810499676947,2.6009563851269664,0.08958243099014178,134.1293078841005,device_2,0.058335555526945325,1.096555833419164
3312986658.208744,3.448120087493002,3.4462179426288673,3.051200441103848,0.08958243099014178,137.41575208225896,device_2,0.0750311111079322,1.0798602778381772
3312986718.176744,3.9378507277877897,3.935310017706928,3.454414414344411,0.08739525167261727,159.93519335332763,device_2,0.09168888886769612,1.0632025000784133
3312986778.213744,3.9420364598990267,3.9394548659451587,3.5111271874549588,0.08958243099014178,175.2341813298079,device_2,0.10836583336194357,1.0465255555841657
3312986838.005744,3.9420364598990267,3.9394548659451587,3.5208098560759375,0.08739525167261727,182.00135686807906,device_2,0.12497472219996981,1.0299166667461395
3312986897.902744,3.9420364598990267,3.9394548659451587,3.5346422398412045,0.08739525167261727,207.49971074969028,device_2,0.14161277770996095,1.0132786112361485
3312986958.154744,4.437348112021443,4.434073441679229,4.04713207688464,0.09176961030776526,214.23452113434902,device_2,0.15834944446881613,0.9965419444772933
3312987017.823744,4.437348112021443,4.434073441679229,4.020158926615877,0.08958243099014178,219.27753625904214,device_2,0.17492416659990948,0.9799672223461999
3312987077.920744,4.437348112021443,4.434073441679229,4.024308642034602,0.08958243099014178,235.42652968589914,device_2,0.191617777744929,0.9632736112011804
3312987138.084744,4.437348112021443,4.434073441679229,4.048515315362963,0.08958243099014178,232.81192942989625,device_2,0.20832999997668797,0.9465613889694214
3312987198.183744,4.4359528678755415,4.434073441679229,4.0422907422127885,0.08958243099014178,233.43522418046848,device_2,0.2250241666369968,0.9298672223091126
3312987258.097744,4.9214978513000425,4.919020745271131,4.437896959150686,0.09176961030776526,233.79139262262973,device_2,0.24166694442431133,0.9132244445217981
3312987318.018744,4.932659805449878,4.930073675780324,4.530573943819053,0.08958243099014178,239.52246798587612,device_2,0.2583116666475932,0.8965797222985161
3312987378.2377443,4.932659805449878,4.928692059465375,4.554088999869295,0.08958243099014178,253.47780924819784,device_2,0.275039166741901,0.8798522222042083
3312987438.325744,4.931264561179848,4.928692059465375,4.5748375788184195,0.09176961030776526,253.8501677586157,device_2,0.2917302778032091,0.8631611111429003
3312987498.068744,4.931264561179848,4.928692059465375,4.578987294617424,0.09395678962548791,253.89873626082365,device_2,0.30832555558946395,0.8465658333566454
3312987558.1267443,5.420995323674034,5.4191658755584715,4.999491845397795,0.09176961030776526,269.8777843431227,device_2,0.32500833339161345,0.8298830555544959
3312987618.000744,5.426576301308865,5.423310724923933,5.038222529411781,0.09176961030776526,273.53661712061023,device_2,0.34163999994595845,0.8132513890001509
3312987678.142744,5.426576301308865,5.423310724923933,5.038222529411781,0.09176961030776526,273.92516580432954,device_2,0.35834611111217074,0.7965452778339386
3312987738.1927443,5.426576301308865,5.4246923413799175,5.065195684526708,0.09176961030776526,273.94135533321764,device_2,0.3750266667207082,0.7798647222254012
3312987797.819744,5.426576301308865,5.424001533151925,5.026465000304653,0.08958243099014178,270.76820813959046,device_2,0.39158972223599753,0.7633016667101118
3312987857.981744,5.426576301308865,5.423310724923933,5.056204632805523,0.09614396894330993,272.014801572801,device_2,0.40830138882001243,0.7465900001260969
3312987918.172744,5.426576301308865,5.423310724923933,5.065887303890497,0.09176961030776526,274.27324067833683,device_2,0.42502111103799606,0.7298702779081133
3312987978.015744,5.426576301308865,5.4246923413799175,5.074186736264022,0.09176961030776526,273.43947995179536,device_2,0.44164416670799256,0.7132472222381168
3312988038.011744,5.426576301308865,5.423310724923933,5.060354348982496,0.09395678962548791,273.7956495749185,device_2,0.45830972221162586,0.6965816667344835
3312988097.979244,5.426576301308865,5.423310724923933,5.061737587708921,0.09395678962548791,272.91332030206695,device_2,0.47496736115879484,0.6799240277873145
3312988158.081744,5.426576301308865,5.4246923413799175,5.065887303890497,0.09176961030776526,275.91647802149356,device_2,0.49166250003708734,0.663228888909022
3312988218.0087442,5.426576301308865,5.423310724923933,5.052054916631998,0.09395678962548791,271.8529063139698,device_2,0.5083088889386919,0.6465825000074175
3312988278.0947437,5.426576301308865,5.423310724923933,5.057587871530797,0.09395678962548791,275.1555700589287,device_2,0.5249994443522559,0.6298919445938534
3312988338.1127443,5.426576301308865,5.423310724923933,5.060354348982496,0.09067602064895353,273.77946004634794,device_2,0.5416711111863454,0.613220277759764
3312988398.026744,5.426576301308865,5.423310724923933,5.060354348982496,0.09395678962548791,277.8430324590205,device_2,0.5583138888412051,0.5965775001049042
3312988458.038744,5.425181056899534,5.423310724923933,5.07003702007553,0.09176961030776526,272.9214150657184,device_2,0.5749838888645172,0.5799075000815921
3312988518.161744,5.426576301308865,5.424001533151925,5.052054916631998,0.09176961030776526,274.5889365037545,device_2,0.5916847222381167,0.5632066667079926
3312988578.199744,5.426576301308865,5.4246923413799175,5.074186736264022,0.09395678962548791,271.22151482658836,device_2,0.6083619444900089,0.5465294444561004
3312988638.196744,5.425181056899534,5.423310724923933,5.061737587708921,0.09395678962548791,273.6337542902708,device_2,0.6250277777512868,0.5298636111948225
3312988698.340744,5.427971545718612,5.426073957836319,5.1488816282522905,0.09176961030776526,276.6773860364144,device_2,0.6417344444327884,0.513156944513321
3312988758.275744,5.429366790128773,5.42883719075037,5.4296791029475635,0.08958243099014178,134.89020871631757,device_2,0.6583830555280049,0.4965083334181044
3312988818.2127438,5.427971545718612,5.427455574293136,5.428295864114757,0.08958243099014178,103.45045275798874,device_2,0.6750322221385108,0.47985916680759855
3312988868.794744,2.460287427441844,2.4597441823882704,2.2274820664685504,0.08958243099014178,98.67459173147112,device_2,0.6890827777650621,0.4658086111810472
3312989071.115744,2.460287427441844,2.4569809506972806,2.184601682396987,0.08958243099014178,65.7130729452301,device_2,0.7452830555703905,0.40960833337571884
3312989107.504744,2.460287427441844,2.458362566542699,2.196359207049335,0.08739525167261727,93.93920479006559,device_2,0.7553911111089918,0.3995002778371175
3312989179.228744,2.460287427441844,2.458362566542699,2.186676539687914,0.08958243099014178,91.47032809642823,device_2,0.7753144444359673,0.379576944510142
3312989237.982744,2.460287427441844,2.458362566542699,2.216416160889661,0.08958243099014178,98.07558548304488,device_2,0.7916350000434451,0.3632563889026642
3312989298.274744,3.4467248435483477,3.4448363266428252,3.1037634965954606,0.08958243099014178,124.73946980593138,device_2,0.8083827777703603,0.34650861117574905
3312989358.359744,3.448120087493002,3.4462179426288673,3.096155685913557,0.08958243099014178,137.38337331938726,device_2,0.8250730555587344,0.3298183333873749
3312989418.088744,4.431767135439804,4.429928593112352,4.038832646020872,0.08958243099014178,158.5348104153609,device_2,0.8416644444730547,0.31322694447305466
3312989478.149744,4.437348112021443,4.434073441679229,4.094853804557302,0.08958243099014178,177.24166853601815,device_2,0.8583480555481381,0.29654333339797123
3312989538.210744,4.4359528678755415,4.433382633584586,4.077563323475801,0.08958243099014178,189.3756385373639,device_2,0.8750316666232215,0.27985972232288786
3312989597.997244,4.438743356167672,4.436836674058787,4.167473825610983,0.09176961030776526,208.47107744131264,device_2,0.8916390277279748,0.26325236121813456
3312989657.983744,4.931264561179848,4.928692059465375,4.587286726224642,0.08958243099014178,216.37152893014394,device_2,0.9083019444677565,0.24658944447835288
3312989718.069744,4.931264561179848,4.928692059465375,4.572071101620785,0.08958243099014178,227.52606733203615,device_2,0.9249925000137753,0.22989888893233404
3312989778.2257442,4.931264561179848,4.930073675780324,4.59696939644861,0.09176961030776526,236.26028777229237,device_2,0.9417025000519222,0.21318888889418708
3312989838.152744,5.425181056899534,5.423310724923933,5.056204632805523,0.09176961030776526,249.80279325856407,device_2,0.958348888821072,0.1965425001250373
3312989897.827744,5.426576301308865,5.423310724923933,5.071420258804642,0.09395678962548791,254.40061079510787,device_2,0.9749252777629428,0.1799661111831665
3312989957.997744,5.426576301308865,5.423310724923933,5.07003702007553,0.08958243099014178,254.28728428553714,device_2,0.9916391666730245,0.16325222227308486
3312990018.111744,5.426576301308865,5.4246923413799175,5.098393414099407,0.09176961030776526,254.5867900631525,device_2,1.0083374999629127,0.14655388898319668
3312990077.9402437,5.425181056899534,5.423310724923933,5.058971110256454,0.09614396894330993,269.42447771005385,device_2,1.02495652768347,0.12993486126263937
3312990138.142744,5.425181056899534,5.423310724923933,5.064504065162921,0.09833114826123149,276.1269419352699,device_2,1.041679444445504,0.11321194450060526
3312990198.116744,5.426576301308865,5.423310724923933,5.076953213724941,0.09614396894330993,273.876597218124,device_2,1.0583388888835907,0.09655250006251866
3312990258.046744,5.921888093796873,5.919311060287962,5.5278890611484535,0.09176961030776526,275.1150962325993,device_2,1.0749861110581291,0.07990527788798014
3312990318.122744,5.921888093796873,5.919311060287962,5.552787360749085,0.09176961030776526,272.8728464838798,device_2,1.0916738888952466,0.06321750005086263
3312990378.032744,5.921888093796873,5.919311060287962,5.5465627858364055,0.09176961030776526,274.46751503142286,device_2,1.1083155555195279,0.04657583342658149
3312990438.132744,5.921888093796873,5.920692676901141,5.573535943855494,0.08958243099014178,275.2850863041849,device_2,1.1250099999374814,0.029881389008628
3312990498.142744,5.921888093796873,5.919311060287962,5.550020883009049,0.09176961030776526,273.2128265611925,device_2,1.141679444445504,0.013211944500605265
3312990536.971744,5.914911870978497,5.912402977228962,5.447661207812818,0.13332601736167432,275.0989067021786,device_2,1.1524652777777777,0.00242611116833157
3313004666.756342,2.4574969398305124,2.454217719006902,1.9895650982860174,0.08958243099014178,70.9179476088307,device_3,0.008343333270814685,0.9658966667122311
3313004726.7183423,2.460287427441844,2.458362566542699,2.0787839609350813,0.08958243099014178,97.33087502722915,device_3,0.024999444484710694,0.9492405554983351
3313004786.664342,2.460287427441844,2.458362566542699,2.1022990100866155,0.08958243099014178,98.00273337250098,device_3,0.041651111046473184,0.9325888889365727
3313004846.757842,2.458892183636102,2.4555993348520144,2.0594186263655967,0.08739525167261727,111.14849471487352,device_3,0.058343749973509045,0.9158962500095368
3313004906.8823423,3.4453295996039337,3.442073094671463,2.9688977627037025,0.08958243099014178,132.5670328484435,device_3,0.075045000049803,0.8991949999332428
3313004966.5933423,3.448120087493002,3.4462179426288673,3.0892394943900747,0.09176961030776526,138.77566016328515,device_3,0.09163138892915514,0.8826086110538907
3313005026.842842,3.4467248435483477,3.443454710657024,3.0020954816364798,0.08739525167261727,154.62507129033287,device_3,0.10836736109521654,0.8658726388878293
3313005086.9153423,3.939245971824585,3.935310017706928,3.454414414344411,0.08958243099014178,173.55048255794762,device_3,0.12505416671435038,0.8491858332686955
3313005146.385342,3.9420364598990267,3.9408364820251376,3.53879195497562,0.08958243099014178,176.76408083317233,device_3,0.14157361110051472,0.8326663888825311
3313005206.8963423,3.9462221920128187,3.9435997141859485,3.6356186420876524,0.09176961030776526,202.7723937510787,device_3,0.158382222255071,0.8158577777279747
3313005266.765342,4.4359528678755415,4.434073441679229,4.031916453642454,0.08958243099014178,214.49355236533063,device_3,0.17501250002119276,0.799227499961853
3313005326.762842,4.931264561179848,4.927310443150796,4.485618689875631,0.09176961030776526,229.06406680791497,device_3,0.1916784722275204,0.7825615277555253
3313005386.277842,4.931264561179848,4.928692059465375,4.518124796539265,0.09395678962548791,235.69365605733861,device_3,0.20821041663487752,0.7660295833481683
3313005446.6453424,4.931264561179848,4.928692059465375,4.525732608762022,0.09395678962548791,253.41305124755712,device_3,0.22497916671964857,0.7492608332633972
3313005506.516342,4.931264561179848,4.928692059465375,4.558930334950636,0.09395678962548791,253.10545074924386,device_3,0.24161000000105964,0.7326299999819862
3313005566.5613422,5.426576301308865,5.423310724923933,5.018857187367559,0.09395678962548791,271.78814821102554,device_3,0.25828916668891905,0.7159508332941267
3313005626.7053423,5.426576301308865,5.423310724923933,5.0354560519723215,0.09395678962548791,272.06337015091975,device_3,0.27499583337042066,0.6992441666126251
3313005686.755842,5.426576301308865,5.424001533151925,5.036839290691861,0.09395678962548791,272.99426793922635,device_3,0.29167652779155306,0.6825634721914927
3313005746.710842,5.426576301308865,5.423310724923933,5.024390142229915,0.09395678962548791,273.0833103401428,device_3,0.308330694437027,0.6659093055460188
3313005806.697842,5.426576301308865,5.4246923413799175,5.058971110256454,0.09395678962548791,273.32615325596,device_3,0.3249937499894036,0.6492462499936422
3313005866.6913424,5.425181056899534,5.423310724923933,5.057587871530797,0.09176961030776526,271.6586320063505,device_3,0.34165861116515267,0.6325813888178932
3313005926.735342,5.426576301308865,5.4246923413799175,5.07003702007553,0.09614396894330993,272.12812825540504,device_3,0.35833749996291264,0.6159025000201331
3313005986.739342,5.426576301308865,5.423310724923933,5.071420258804642,0.09176961030776526,276.2564581918938,device_3,0.3750052777926127,0.5992347221904331
3313006046.7643423,5.426576301308865,5.423310724923933,5.0728034975341405,0.09395678962548791,274.49179932572645,device_3,0.3916788889302148,0.582561111052831
3313006106.6443424,5.425181056899534,5.423310724923933,5.078336452455979,0.09614396894330993,276.3535953853702,device_3,0.40831222229533726,0.5659277776877085
3313006166.7703424,5.426576301308865,5.4246923413799175,5.074186736264022,0.09176961030776526,275.41460255095444,device_3,0.4250138889418708,0.549226111041175
3313006226.8563423,5.9204928492322795,5.917929443675243,5.5555538384910435,0.09833114826123149,273.60137523362334,device_3,0.4417044444878896,0.5325355554951562
3313006286.669342,5.923283338361926,5.920692676901141,5.583218616004831,0.09176961030776526,273.6985124038478,device_3,0.4583191666338179,0.5159208333492279
3313006346.6148424,5.921888093796873,5.919311060287962,5.573535943855708,0.09833114826123149,272.37097115060214,device_3,0.4749706945154402,0.4992693054676056
3313006406.653842,5.923283338361926,5.919311060287962,5.584601854885025,0.09176961030776526,274.8074951572983,device_3,0.49164819439252216,0.4825918055905236
3313006466.608342,5.923283338361926,5.920692676901141,5.583218616004831,0.09176961030776526,271.10818815312575,device_3,0.5083022222254011,0.46593777775764467
3313006526.679842,5.921888093796873,5.919311060287962,5.579068899366823,0.09395678962548791,275.72220364329087,device_3,0.5249887499544356,0.4492512500286102
3313006586.733342,5.921888093796873,5.919311060287962,5.570769466102618,0.09176961030776526,270.62250242304435,device_3,0.5416702777809567,0.4325697222020891
3313006646.914342,5.921888093796873,5.919311060287962,5.572152704978734,0.09614396894330993,272.22526541283406,device_3,0.5583872221575843,0.4158527778254615
3313006706.969342,5.921888093796873,5.919311060287962,5.5776856604883465,0.09395678962548791,275.86790942657564,device_3,0.5750691666867997,0.399170833296246
3313006766.623342,2.461682671247738,2.4625074140798726,2.4626325621233436,0.09395678962548791,176.27030373027927,device_3,0.5916397221883138,0.382600277794732
3313006826.302842,2.461682671247738,2.461125798233995,2.4612493239012507,0.09395678962548791,101.72628589817589,device_3,0.6082173611058129,0.36602263887723285
3313006880.186842,2.461682671247738,2.4597441823882704,2.228173685567528,0.09176961030776526,99.11979908537904,device_3,0.6231851388348474,0.35105486114819845
3313006960.9223423,2.460287427441844,2.458362566542699,2.1479458703049117,0.08739525167261727,85.69882356649,device_3,0.6456116667058733,0.3286283332771725
3313007006.624842,2.460287427441844,2.4597441823882704,2.216416160889661,0.09176961030776526,98.59364494050988,device_3,0.6583068055576748,0.31593319442537093
3313007066.848342,2.460287427441844,2.4597441823882704,2.2018921598301393,0.09176961030776526,98.43984603822241,device_3,0.6750355554951561,0.29920444448788963
3313007126.6123424,2.460287427441844,2.4597441823882704,2.1915178733678173,0.08958243099014178,99.8887936200114,device_3,0.6916366667217678,0.28260333326127796
3313007186.532342,3.448120087493002,3.4462179426288673,3.0975389242188807,0.08739525167261727,134.85782995699697,device_3,0.7082811110549503,0.2659588889280955
3313007246.502842,3.448120087493002,3.4462179426288673,3.1148294030531787,0.09176961030776526,137.18910074325296,device_3,0.7249395832750533,0.24930041670799255
3313007306.549342,3.448120087493002,3.4462179426288673,3.085089779478492,0.08958243099014178,140.12747363410477,device_3,0.741619166665607,0.23262083331743877
3313007366.813342,3.9420364598990267,3.9394548659451587,3.5609237690637165,0.08739525167261727,165.35864268387525,device_3,0.7583591666486528,0.21588083333439298
3313007426.7173424,3.9434317039366737,3.9394548659451587,3.5885885367641195,0.09176961030776526,177.32261560558862,device_3,0.774999166727066,0.19924083325597974
3313007486.315342,3.9462221920128187,3.9449813302667804,3.938547857242961,0.09395678962548791,178.1806545660643,device_3,0.7915541666083866,0.1826858333746592
3313007546.689842,4.4359528678755415,4.434073441679229,4.090704089093496,0.09176961030776526,203.18522445745896,device_3,0.8083248611291249,0.16591513885392084
3313007606.594342,4.931264561179848,4.927310443150796,4.539564994650316,0.09395678962548791,214.0078688110521,device_3,0.8249650000201332,0.14927499996291266
3313007666.614342,4.932659805449878,4.930073675780324,4.584520249020872,0.09176961030776526,215.86965585847238,device_3,0.8416372222370572,0.13260277774598864
3313007726.726342,4.931264561179848,4.930073675780324,4.5637716700360444,0.09395678962548791,216.11249766513777,device_3,0.858335000011656,0.11590499997138977
3313007786.6478424,4.931264561179848,4.930073675780324,4.576220817417747,0.09176961030776526,216.2339185700249,device_3,0.8749798611799876,0.0992601388030582
3313007846.867342,5.422390568082119,5.4191658755584715,5.000875084107458,0.09176961030776526,232.02673998084097,device_3,0.8917074999544355,0.08253250002861023
3313007906.819342,5.426576301308865,5.4246923413799175,5.084561026750461,0.09176961030776526,235.80698239850727,device_3,0.9083608333269755,0.06587916665607028
3313007966.829342,5.426576301308865,5.423310724923933,5.078336452455979,0.09395678962548791,245.99826244770193,device_3,0.9250302777025434,0.04920972228050232
3313008026.8303423,5.426576301308865,5.4246923413799175,5.057587871530797,0.09176961030776526,252.75737651062713,device_3,0.9416972222593095,0.03254277772373623
3313008086.430342,5.425181056899534,5.423310724923933,5.0728034975341405,0.09614396894330993,254.35204229087537,device_3,0.9582527777883741,0.015987222194671632
3313008130.452342,5.9156094932598755,5.91102136061854,5.445586349554848,0.1267644794033596,265.4904244738801,device_3,0.9704811110761431,0.003758888906902737
3313008949.6063423,2.458892183636102,2.4555993348520144,2.0255292909241978,0.08739525167261727,78.68073997885449,device_4,0.008389166726006403,1.8387277776665159
3313009009.352342,2.460287427441844,2.458362566542699,2.1223559638023515,0.09176961030776526,98.38318328492949,device_4,0.024985277785195246,1.8221316666073268
3313009069.460342,2.460287427441844,2.4569809506972806,2.0753258654745257,0.08520807235519154,106.34834844732447,device_4,0.04168194439676073,1.8054349999957615
3313009129.135342,2.463077915053785,2.461125798233995,2.1922094924650937,0.08520807235519154,117.83470316679228,device_4,0.05825833333863152,1.7888586110538907
3313009189.602342,3.448120087493002,3.4462179426288673,3.0463591070604057,0.09176961030776526,137.24576357782473,device_4,0.07505472222963969,1.7720622221628826
3313009249.288342,3.448120087493002,3.4462179426288673,3.069874158152047,0.09176961030776526,137.96619105766607,device_4,0.09163416663805644,1.7554827777544657
3313009309.3833423,3.448120087493002,3.4448363266428252,3.010394911387579,0.08848884133137952,141.7464120295581,device_4,0.10832722226778667,1.7387897221247355
3313009369.227342,3.4467248435483477,3.443454710657024,3.0283770092068045,0.08520807235519154,170.42592660120067,device_4,0.12495055556297302,1.722166388829549
3313009429.642342,3.9434317039366737,3.9408364820251376,3.5304925247090226,0.08958243099014178,176.8207437802737,device_4,0.14173249999682108,1.7053844443957011
3313009489.426342,3.944826947974604,3.9422180981054007,3.6217862581383127,0.08739525167261727,182.122777506025,device_4,0.15833916664123535,1.688777777751287
3313009549.4223423,4.437348112021443,4.435455057868843,4.0422907422127885,0.08739525167261727,214.47736291329335,device_4,0.17500472227732342,1.6721122221151987
3313009609.2833424,4.437348112021443,4.434073441679229,4.0367577883065415,0.08958243099014178,214.36403674925145,device_4,0.19163277784983318,1.655484166542689
3313009669.5003424,4.437348112021443,4.434073441679229,4.04713207688464,0.08739525167261727,231.97817156288357,device_4,0.2083597222963969,1.6387572220961253
3313009729.445342,4.932659805449878,4.930073675780324,4.5416398525364245,0.09395678962548791,234.09899264863628,device_4,0.22501111110051472,1.6221058332920075
3313009789.2703424,4.932659805449878,4.930073675780324,4.51259184219924,0.09176961030776526,233.51617155283915,device_4,0.24162916673554313,1.605487777656979
3313009849.260342,4.932659805449878,4.930073675780324,4.527807466643077,0.09176961030776526,253.20258774786183,device_4,0.25829305556085375,1.5888238888316684
3313009909.477342,4.931962183314862,4.930073675780324,4.527807466643077,0.09176961030776526,252.77356600985513,device_4,0.27502000000741744,1.5720969443851047
3313009969.281342,4.931264561179848,4.928692059465375,4.5278074666437504,0.09176961030776526,252.32835478846707,device_4,0.2916322222020891,1.555484722190433
3313010029.334342,4.931264561179848,4.928692059465375,4.536106898175042,0.09395678962548791,258.54512388280654,device_4,0.30831361108356053,1.5388033333089617
3313010089.334342,4.931264561179848,4.930073675780324,4.555472238463528,0.09176961030776526,259.5164943469204,device_4,0.3249802777502272,1.522136666642295
3313010149.265342,4.932659805449878,4.930073675780324,4.548556045495749,0.09176961030776526,259.36269401824154,device_4,0.3416277778148651,1.505489166577657
3313010209.3623424,4.931264561179848,4.928692059465375,4.537490136764882,0.09395678962548791,258.2051442392156,device_4,0.35832138895988463,1.4887955554326375
3313010269.618342,4.932659805449878,4.930073675780324,4.544406329719141,0.08958243099014178,258.36703930636895,device_4,0.37505916661686367,1.4720577777756585
3313010329.3103423,4.931264561179848,4.930073675780324,4.5499392840886275,0.09176961030776526,257.9137331239156,device_4,0.39164027783605787,1.4554766665564642
3313010389.351342,4.932659805449878,4.930073675780324,4.555472238463528,0.09176961030776526,262.20395304926404,device_4,0.4083183333608839,1.4387986110316382
3313010449.391342,4.932659805449878,4.930073675780324,4.551322522681845,0.09176961030776526,260.18026421011655,device_4,0.42499611112806535,1.4221208332644568
3313010509.571342,4.932659805449878,4.930073675780324,4.576220817417747,0.08739525167261727,260.0345586271819,device_4,0.44171277774704826,1.405404166645474
3313010569.598342,4.932659805449878,4.928692059465375,4.567921385826885,0.08958243099014178,262.56012232123334,device_4,0.45838694439993966,1.3887299999925826
3313010629.433342,5.419600079266363,5.416402642650243,4.949695252100795,0.09176961030776526,260.3259697948579,device_4,0.4750077777438694,1.372109166648653
3313010689.526342,5.426576301308865,5.4246923413799175,5.081102929919209,0.09176961030776526,259.2574622153355,device_4,0.4917002777258555,1.3554166666666667
3313010749.413342,5.426576301308865,5.4246923413799175,5.088019123584028,0.09176961030776526,257.89754361772015,device_4,0.5083355555269453,1.3387813888655768
3313010809.2053423,5.426576301308865,5.4246923413799175,5.096318555994554,0.09176961030776526,256.9909313060088,device_4,0.5249444444974264,1.3221724998950959
3313010869.460842,5.426576301308865,5.4246923413799175,5.082486168651593,0.09176961030776526,258.52083962221855,device_4,0.5416820833418104,1.3054348610507118
3313010929.565342,5.426576301308865,5.4246923413799175,5.078336452455979,0.09176961030776526,259.27365172339285,device_4,0.5583777777353922,1.28873916665713
3313010989.4163423,5.426576301308865,5.4246923413799175,5.071420258804642,0.09176961030776526,259.19270418332854,device_4,0.5750030555990007,1.2721138887935215
3313011049.453842,5.426576301308865,5.4246923413799175,5.063120826435728,0.09176961030776526,258.5046501152153,device_4,0.5916801389058431,1.2554368054866791
3313011109.6073422,5.426576301308865,5.423310724923933,5.058971110256454,0.09395678962548791,258.2213337458313,device_4,0.6083894444836511,1.238727499908871
3313011169.1978426,5.426576301308865,5.4246923413799175,5.07556997499429,0.09176961030776526,258.0027754083887,device_4,0.624942361248864,1.2221745831436581
3313011229.721342,5.429366790128773,5.42883719075037,5.4296791029475635,0.09176961030776526,161.75650079495017,device_4,0.6417544444402059,1.2053624999523163
3313011289.772342,2.461682671247738,2.461125798233995,2.4626325621233436,0.09176961030776526,101.05442747583989,device_4,0.658435277806388,1.1886816665861342
3313011349.472342,2.461682671247738,2.4597441823882704,2.458482847457524,0.09176961030776526,99.55691176598972,device_4,0.6750186110867394,1.1720983333057828
3313011379.7583423,2.460287427441844,2.4625074140798726,2.4626325621233436,0.09176961030776526,100.73064028942518,device_4,0.6834313889344533,1.163685555458069
3313012218.721342,2.447730233195717,2.4452372160173996,1.9370020476523406,0.14863627260140294,31.73974155865352,device_4,0.9164766666624281,0.9306402777300941
3313012249.667342,2.458892183636102,2.4555993348520144,2.0545772927268224,0.08520807235519154,75.92045598814107,device_4,0.9250727778010898,0.9220441665914324
3313012309.160342,2.460287427441844,2.458362566542699,2.119589487426235,0.09176961030776526,98.62602365686803,device_4,0.9415986111429002,0.9055183332496219
3313012369.662342,3.443236733687792,3.4406914786861416,3.004861958219307,0.08739525167261727,121.30732297229233,device_4,0.9584047222137451,0.8887122221787771
3313012429.360842,3.448120087493002,3.4462179426288673,3.107221592362024,0.08958243099014178,137.77191847668294,device_4,0.974987638923857,0.8721293054686652
3313012489.251342,3.4467248435483477,3.443454710657024,3.056733394299405,0.08520807235519154,148.18978802817628,device_4,0.9916238888104757,0.8554930555820465
3313012549.1253424,3.448120087493002,3.4448363266428252,3.0989221625244148,0.08520807235519154,165.14818044230535,device_4,1.0082555556297301,0.8388613887627919
3313012609.464342,3.9434317039366737,3.9408364820251376,3.595504728704999,0.08958243099014178,175.86556841036838,device_4,1.0250163888931274,0.8221005554993948
3313012669.235842,3.9420364598990267,3.9408364820251376,3.5858220599895403,0.08958243099014178,175.82509487888933,device_4,1.0416195833683013,0.8054973610242208
3313012729.4553423,4.4359528678755415,4.432691825489942,4.056123126998955,0.09614396894330993,201.0077449756555,device_4,1.0583472222752042,0.788769722117318
3313012789.377342,4.4359528678755415,4.434073441679229,4.079638181203099,0.08958243099014178,216.42009729285743,device_4,1.0749922222561306,0.7721247221363915
3313012849.275342,4.4359528678755415,4.432691825489942,4.071338750297762,0.08958243099014178,216.42009729285743,device_4,1.0916305555237664,0.7554863888687557
3313012909.4613423,4.437348112021443,4.434073441679229,4.0810214196883585,0.08958243099014178,215.17350936893163,device_4,1.108348888953527,0.7387680554389954
3313012969.321842,4.437348112021443,4.434073441679229,4.081713038931137,0.08958243099014178,216.44438147429713,device_4,1.1249768055809868,0.7221401388115353
3313013029.2313423,4.931264561179848,4.930073675780324,4.5727627209201085,0.08958243099014178,233.76710841035987,device_4,1.141618333392673,0.7054986109998491
3313013089.512842,4.931264561179848,4.930073675780324,4.576220817417747,0.09176961030776526,233.5566452392339,device_4,1.1583631944656372,0.688753749926885
3313013149.2288423,4.931264561179848,4.930073675780324,4.577604056017415,0.09176961030776526,238.95583612766208,device_4,1.1749509722656675,0.6721659721268548
3313013209.529342,5.425181056899534,5.423310724923933,5.0354560519723215,0.09176961030776526,252.89498725491518,device_4,1.1917011111312443,0.655415833261278
3313013269.239342,5.427971545718612,5.4246923413799175,5.058971110256454,0.08958243099014178,253.55875674947646,device_4,1.2082872222529517,0.6388297221395705
3313013329.164342,5.426576301308865,5.4246923413799175,5.068653781346801,0.09176961030776526,255.0481908702987,device_4,1.2249330555068123,0.62218388888571
3313013389.458342,5.426576301308865,5.423310724923933,5.055513013443077,0.08958243099014178,261.5806568495209,device_4,1.2416813888814715,0.6054355555110508
3313013449.373342,5.426576301308865,5.4246923413799175,5.049288439184896,0.08958243099014178,264.0495575768146,device_4,1.2583244444264305,0.5887924999660916
3313013509.510342,5.426576301308865,5.4246923413799175,5.064504065162921,0.09176961030776526,263.4100717643173,device_4,1.2750291666719649,0.5720877777205573
3313013569.4413424,5.426576301308865,5.4246923413799175,5.065195684526708,0.09176961030776526,263.806714859231,device_4,1.2916766667366029,0.5554402776559194
3313013629.358342,5.426576301308865,5.423310724923933,5.052054916631998,0.09176961030776526,263.3048399251311,device_4,1.3083202777968512,0.5387966665956709
3313013689.544342,5.426576301308865,5.423310724923933,5.046521961739324,0.09176961030776526,263.8876624310723,device_4,1.325038611094157,0.5220783332983653
3313013749.483342,5.426576301308865,5.4246923413799175,5.052054916631998,0.09176961030776526,263.5314931184045,device_4,1.3416883333524068,0.5054286110401154
3313013809.331342,5.426576301308865,5.423310724923933,5.039605768132084,0.09176961030776526,263.55577738951354,device_4,1.3583127778106265,0.4888041665818956
3313013869.381342,5.427971545718612,5.4246923413799175,5.07003702007553,0.09395678962548791,262.8677230648858,device_4,1.3749933332867093,0.4721236111058129
3313013929.4953423,5.426576301308865,5.4246923413799175,5.065887303890497,0.09176961030776526,264.1952632099192,device_4,1.3916916667090522,0.45542527768346996
3313013989.327342,5.426576301308865,5.423310724923933,5.061737587708921,0.09176961030776526,264.1466946653471,device_4,1.4083116666475932,0.438805277744929
3313014049.365342,5.426576301308865,5.4246923413799175,5.065887303890497,0.09176961030776526,263.3695979799002,device_4,1.4249888888994853,0.4221280554930369
3313014109.2113423,5.426576301308865,5.423310724923933,5.064504065162921,0.09395678962548791,262.23633207353856,device_4,1.4416127778424157,0.40550416655010646
3313014169.578342,5.426576301308865,5.4246923413799175,5.064504065162921,0.09176961030776526,264.9723599508374,device_4,1.4583813888496824,0.3887355555428399
3313014229.530342,5.426576301308865,5.4246923413799175,5.0728034975341405,0.09176961030776526,264.78618051870023,device_4,1.4750347222222222,0.37208222217029996
3313014289.634342,5.426576301308865,5.423310724923933,5.049288439184896,0.09176961030776526,260.6902337646481,device_4,1.491730277803209,0.35538666658931306
3313014349.4943423,5.427971545718612,5.4246923413799175,5.074186736264022,0.09176961030776526,264.9237914029974,device_4,1.5083580556180742,0.338758888774448
3313014409.391842,5.426576301308865,5.4246923413799175,5.058279490893625,0.09395678962548791,261.6211306277361,device_4,1.5249962499406602,0.3221206944518619
3313014469.419342,5.427971545718612,5.4246923413799175,5.063120826435728,0.09176961030776526,265.26377124217544,device_4,1.5416705555386014,0.30544638885392084
3313014529.372342,5.426576301308865,5.423310724923933,5.058971110256454,0.09176961030776526,264.0819366062348,device_4,1.558324166668786,0.28879277772373624
3313014589.483842,5.426576301308865,5.4246923413799175,5.053438155356123,0.09176961030776526,269.62684674042816,device_4,1.5750218054983351,0.27209513889418707
3313014649.400342,5.426576301308865,5.423310724923933,5.052054916631998,0.09176961030776526,270.3958490888841,device_4,1.5916652777459885,0.2554516666465335
3313014709.384842,5.426576301308865,5.4246923413799175,5.047905200461918,0.09176961030776526,270.26633290026365,device_4,1.6083276388380263,0.23878930555449593
3313014769.411342,5.427971545718612,5.4246923413799175,5.064504065162921,0.08958243099014178,268.16169504196387,device_4,1.6250016666783227,0.22211527771419948
3313014829.4743423,5.425181056899534,5.423310724923933,5.049980058546575,0.09286319996662659,272.9295098293816,device_4,1.6416858334011502,0.205431110991372
3313014889.346842,5.426576301308865,5.4246923413799175,5.082486168651402,0.08958243099014178,274.5160836201362,device_4,1.658317083252801,0.18879986113972133
3313014949.516842,5.426576301308865,5.423310724923933,5.081102929919209,0.09614396894330993,269.16544535642436,device_4,1.6750309721628824,0.1720859722296397
3313015009.4483423,5.626096256181068,5.62364511544513,5.277522833807354,0.09614396894330993,270.9786719562793,device_4,1.6916786111725701,0.15543833321995204
3313015069.426842,5.824220975377651,5.820525473629994,5.451810924329174,0.08958243099014178,266.51036407180214,device_4,1.708339305586285,0.1387776388062371
3313015129.3733425,5.822825730844906,5.821216281920187,5.470484648703229,0.09176961030776526,269.6349415017273,device_4,1.724991111225552,0.12212583316697015
3313015189.3298426,5.822825730844906,5.8198346653398,5.470484648703229,0.09395678962548791,265.7980252954509,device_4,1.7416456945737202,0.10547124981880188
3313015249.735842,5.914911870978497,5.913093785534403,5.520972866839143,0.09176961030776526,265.8546886056131,device_4,1.758425138923857,0.08869180546866523
3313015310.3043423,5.921888093796873,5.919311060287962,5.5728443244171135,0.09286319996662659,268.679759709373,device_4,1.7752497222688464,0.07186722212367587
3313015369.549842,5.921888093796873,5.920692676901141,5.572152704978734,0.09176961030776526,265.06140228910124,device_4,1.7917068054940966,0.05541013889842563
3313015429.4603424,5.921888093796873,5.919311060287962,5.565928130038676,0.09395678962548791,267.43316664335646,device_4,1.8083486111958822,0.03876833319664001
3313015489.552842,5.921888093796873,5.919311060287962,5.574919182732682,0.09395678962548791,270.2177643298616,device_4,1.8250409722328187,0.022075972159703573
3313015544.3803425,5.921888093796873,5.919311060287962,5.585293474325769,0.09614396894330993,267.5707775597526,device_4,1.8402708334392972,0.00684611095322503
3312994465.489752,2.458892183636102,2.4555993348520144,2.017229861847114,0.08958243099014178,76.55184058043255,device_5,0.008611944516499838,0.654176666604148
3312994524.2717514,2.460287427441844,2.458362566542699,2.107140343739777,0.09176961030776526,98.54507686602251,device_5,0.024940277735392254,0.6378483333852556
3312994584.246752,2.460287427441844,2.4597441823882704,2.1209727256142314,0.09176961030776526,97.68704089528332,device_5,0.04160000006357829,0.6211886110570696
3312994644.5477514,2.9528085013023753,2.9502178181518897,2.5276447587366917,0.08958243099014178,128.33351085184214,device_5,0.058350277741750084,0.6044383333788977
3312994704.4027514,2.9528085013023753,2.9502178181518897,2.5345609498862194,0.08958243099014178,136.12060160379608,device_5,0.07497666663593716,0.5878119444847107
3312994764.4097514,2.9542037451698224,2.9515994340596943,2.5456268557337713,0.08958243099014178,136.65485116734206,device_5,0.09164527773857117,0.5711433333820767
3312994824.5437517,3.4383533798854584,3.436546630731619,2.956448618133462,0.09176961030776526,149.8492005017761,device_5,0.10834916671117147,0.5544394444094763
3312994884.4187517,3.4467248435483477,3.443454710657024,3.0352932006848756,0.08958243099014178,174.68374132919627,device_5,0.12498111115561591,0.537807499965032
3312994944.6177516,3.448120087493002,3.443454710657024,3.032526724093036,0.08958243099014178,176.85312260728034,device_5,0.14170305556721158,0.5210855555534363
3312995004.5287514,3.448120087493002,3.443454710657024,3.0463591070604057,0.08958243099014178,174.6351730946663,device_5,0.15834499994913737,0.5044436111715105
3312995064.5092516,3.9315721296257515,3.9284019373155523,3.4198334553301746,0.08958243099014178,179.19249301723153,device_5,0.1750062500105964,0.48778236111005147
3312995124.6927514,4.427581403007012,4.4244021283611055,3.9094998497400093,0.09395678962548791,211.51469348961592,device_5,0.191723888847563,0.4710647222730849
3312995184.3677516,4.4359528678755415,4.434073441679229,4.0422907422127885,0.09176961030776526,215.75632968344388,device_5,0.2083002777894338,0.4544883333312141
3312995244.7017517,4.4359528678755415,4.432691825489942,3.995952253392171,0.09176961030776526,229.6792666475327,device_5,0.22505972226460774,0.4377288888560401
3312995304.6327515,4.92707882837199,4.923165594209292,4.480777354856718,0.09176961030776526,252.6197657678652,device_5,0.24170722219679092,0.42108138892385694
3312995364.6687517,4.931264561179848,4.928692059465375,4.5091337457404315,0.09176961030776526,251.96409107386188,device_5,0.2583838889333937,0.40440472218725415
3312995424.6417513,4.931264561179848,4.927310443150796,4.518124796537755,0.09614396894330993,268.4935802167805,device_5,0.27504305548138086,0.387745555639267
3312995484.5102515,4.931264561179848,4.928692059465375,4.561696812141813,0.09614396894330993,275.0422433455821,device_5,0.2916731944349077,0.37111541668574016
3312995544.4537516,4.931264561179848,4.927310443150796,4.525040989468448,0.09833114826123149,271.72339010851306,device_5,0.3083241666687859,0.3544644444518619
3312995604.4557514,5.423785812490619,5.4191658755584715,4.971827071283954,0.09395678962548791,275.68172981470207,device_5,0.3249913888507419,0.33779722226990594
3312995664.3477516,5.426576301308865,5.423310724923933,5.057587871530797,0.09286319996662659,270.6144076611192,device_5,0.34162805557250975,0.3211605555481381
3312995724.4697514,5.426576301308865,5.4246923413799175,5.061737587708921,0.09176961030776526,272.84046742943787,device_5,0.35832861105600994,0.3044600000646379
3312995784.325752,5.426576301308865,5.423310724923933,5.063120826435728,0.09395678962548791,275.1555700589287,device_5,0.3749552778402964,0.28783333328035143
3312995844.5537515,5.426576301308865,5.423310724923933,5.068653781346801,0.09395678962548791,270.94629290730035,device_5,0.3916852777534061,0.27110333336724174
3312995904.5027514,5.425181056899534,5.423310724923933,5.058971110256646,0.09614396894330993,274.4270412075716,device_5,0.4083377777205573,0.25445083340009056
3312995964.4362516,5.426576301308865,5.4246923413799175,5.093552078522833,0.09176961030776526,271.9257591801321,device_5,0.42498597224553425,0.2378026388751136
3312996024.3647513,5.923283338361926,5.920692676901141,5.597051004826151,0.09176961030776526,275.10700146734763,device_5,0.4416327777173784,0.22115583340326944
3312996084.3997517,5.921888093796873,5.919311060287962,5.570769466102404,0.09176961030776526,272.29811828169477,device_5,0.45830916669633653,0.20447944442431132
3312996144.5907516,5.921888093796873,5.919311060287962,5.5555538384910435,0.08958243099014178,271.4319786517605,device_5,0.4750288889143202,0.18775972220632764
3312996204.4587517,5.921888093796873,5.920692676901141,5.58045213824573,0.09395678962548791,271.8367167881637,device_5,0.4916588889227973,0.17112972219785055
3312996264.3187513,5.921888093796873,5.920692676901141,5.581835377125065,0.09176961030776526,274.3379987956316,device_5,0.5082866666052076,0.1545019445154402
3312996324.4757514,5.921888093796873,5.919311060287962,5.562470032853422,0.09176961030776526,268.9630763342787,device_5,0.5249969444009993,0.13779166671964857
3312996384.360751,5.921888093796873,5.920692676901141,5.589443190969151,0.09395678962548791,274.55655744429396,device_5,0.541631666554345,0.12115694456630283
3312996444.2827516,5.921888093796873,5.919311060287962,5.569386227226502,0.09614396894330993,270.331090994365,device_5,0.5582766666677264,0.10451194445292154
3312996504.5067515,5.921888093796873,5.920692676901141,5.5763024216103,0.09395678962548791,274.9612956938802,device_5,0.5750055555502573,0.08778305557039048
3312996564.6117516,5.921888093796873,5.919311060287962,5.570769466102404,0.09395678962548791,273.56899617706983,device_5,0.5917013888888889,0.07108722223175896
3312996625.1122513,5.923283338361926,5.923455910128879,5.923495393792742,0.08958243099014178,248.55620221618938,device_5,0.6085070832570394,0.054281527863608466
3312996684.1957517,5.923283338361926,5.923455910128879,5.924878632782423,0.09176961030776526,115.26868835314603,device_5,0.6249191666973962,0.03786944442325168
3312996744.4197516,5.921888093796873,5.92207429351478,5.923495393792742,0.08958243099014178,103.53949424159116,device_5,0.6416480555799272,0.021140555540720623
3312996797.2807517,2.461682671247738,2.461125798233995,2.458482847457524,0.0830208930378644,79.60353290727643,device_5,0.6563316667079926,0.006456944412655301
